<?xml version="1.0" encoding="UTF-8"?>
<project-private xmlns="http://www.netbeans.org/ns/project-private/1">
    <editor-bookmarks xmlns="http://www.netbeans.org/ns/editor-bookmarks/2" lastBookmarkId="0"/>
    <open-files xmlns="http://www.netbeans.org/ns/projectui-open-files/2">
        <group>
            <file>file:/C:/Users/Az/Documents/NetBeansProjects/TokoBukuVero/src/tokobukuvero/DbDetailPembelian.java</file>
            <file>file:/C:/Users/Az/Documents/NetBeansProjects/TokoBukuVero/src/tokobukuvero/DbPembelian.java</file>
            <file>file:/C:/Users/Az/Documents/NetBeansProjects/TokoBukuVero/src/tokobukuvero/MenuUtama.java</file>
            <file>file:/C:/Users/Az/Documents/NetBeansProjects/TokoBukuVero/src/tokobukuvero/MasterPembeli.java</file>
            <file>file:/C:/Users/Az/Documents/NetBeansProjects/TokoBukuVero/src/tokobukuvero/tes.jrxml</file>
            <file>file:/C:/Users/Az/Documents/NetBeansProjects/TokoBukuVero/src/tokobukuvero/TransaksiPembelian.java</file>
            <file>file:/C:/Users/Az/Documents/NetBeansProjects/TokoBukuVero/src/tokobukuvero/DbBuku.java</file>
            <file>file:/C:/Users/Az/Documents/NetBeansProjects/TokoBukuVero/src/tokobukuvero/reportBuku.jrxml</file>
            <file>file:/C:/Users/Az/Documents/NetBeansProjects/TokoBukuVero/src/tokobukuvero/TokoBukuVero.java</file>
            <file>file:/C:/Users/Az/Documents/NetBeansProjects/TokoBukuVero/src/tokobukuvero/TambahPembelian.java</file>
            <file>file:/C:/Users/Az/Documents/NetBeansProjects/TokoBukuVero/src/tokobukuvero/MasterBuku.java</file>
            <file>file:/C:/Users/Az/Documents/NetBeansProjects/TokoBukuVero/src/tokobukuvero/KoneksiDB.java</file>
        </group>
    </open-files>
</project-private>
